rec_id,bet_id,created_at,mode,paper,league,tier,status,description,book,price,model_prob,novig_prob,edge,ev_per_100,stake,n_legs,bet_type,kickoff,legs_json
26d63afecf56b156_full_2026-09-30,26d63afecf56b156,2026-09-30T04:59:22+00:00,full,True,NFL,MODERATE,OK,Over 44.5 (ARI @ NYG) + ARI -1.5,kalshi,308,0.2806,0.2806,0.0355,14.48,117.57,2,parlay,2026-10-04T17:00Z,"[{""label"": ""Over 44.5 (ARI @ NYG)"", ""game"": ""ARI @ NYG"", ""kickoff"": ""2026-10-04T17:00Z"", ""market"": ""total"", ""side"": ""over"", ""point"": 44.5, ""player"": null, ""book"": ""kalshi"", ""price"": 104.0, ""price_source"": ""posted"", ""p_final"": 0.4892, ""p_fair"": 0.4892, ""p_model"": 0.5611, ""p_push"": 0.0, ""novig_implied"": 0.4892, ""game_key"": ""NFL_20261004_ARI_NYG""}, {""label"": ""ARI -1.5"", ""game"": ""ARI @ NYG"", ""kickoff"": ""2026-10-04T17:00Z"", ""market"": ""spread"", ""side"": ""away"", ""point"": -1.5, ""player"": null, ""book"": ""kalshi"", ""price"": -100.0, ""price_source"": ""posted"", ""p_final"": 0.4989, ""p_fair"": 0.4989, ""p_model"": 0.4055, ""p_push"": 0.0, ""novig_implied"": 0.4989, ""game_key"": ""NFL_20261004_ARI_NYG""}]"
29cff27a0a26b918_full_2026-09-30,29cff27a0a26b918,2026-09-30T04:59:22+00:00,full,True,NFL,LONG SHOT,WAIT,Over 44.5 (ARI @ NYG) + ARI -1.5 + BAL -11.5 + Over 43.5 (TEN @ BAL),kalshi,1501,0.0807,0.0807,0.0182,29.13,48.52,4,parlay,2026-10-04T17:00Z,"[{""label"": ""Over 44.5 (ARI @ NYG)"", ""game"": ""ARI @ NYG"", ""kickoff"": ""2026-10-04T17:00Z"", ""market"": ""total"", ""side"": ""over"", ""point"": 44.5, ""player"": null, ""book"": ""kalshi"", ""price"": 104.0, ""price_source"": ""posted"", ""p_final"": 0.4892, ""p_fair"": 0.4892, ""p_model"": 0.5611, ""p_push"": 0.0, ""novig_implied"": 0.4892, ""game_key"": ""NFL_20261004_ARI_NYG""}, {""label"": ""ARI -1.5"", ""game"": ""ARI @ NYG"", ""kickoff"": ""2026-10-04T17:00Z"", ""market"": ""spread"", ""side"": ""away"", ""point"": -1.5, ""player"": null, ""book"": ""kalshi"", ""price"": -100.0, ""price_source"": ""posted"", ""p_final"": 0.4989, ""p_fair"": 0.4989, ""p_model"": 0.4055, ""p_push"": 0.0, ""novig_implied"": 0.4989, ""game_key"": ""NFL_20261004_ARI_NYG""}, {""label"": ""BAL -11.5"", ""game"": ""TEN @ BAL"", ""kickoff"": ""2026-10-04T17:00Z"", ""market"": ""spread"", ""side"": ""home"", ""point"": -11.5, ""player"": null, ""book"": ""kalshi"", ""price"": -104.0, ""price_source"": ""posted"", ""p_final"": 0.5, ""p_fair"": 0.5, ""p_model"": 0.5027, ""p_push"": 0.0, ""novig_implied"": 0.5, ""game_key"": ""NFL_20261004_TEN_BAL""}, {""label"": ""Over 43.5 (TEN @ BAL)"", ""game"": ""TEN @ BAL"", ""kickoff"": ""2026-10-04T17:00Z"", ""market"": ""total"", ""side"": ""over"", ""point"": 43.5, ""player"": null, ""book"": ""kalshi"", ""price"": -100.0, ""price_source"": ""posted"", ""p_final"": 0.5, ""p_fair"": 0.5, ""p_model"": 0.6263, ""p_push"": 0.0, ""novig_implied"": 0.5, ""game_key"": ""NFL_20261004_TEN_BAL""}]"
1893dbc85772f102_recheck_2026-09-30,1893dbc85772f102,2026-09-30T20:45:04+00:00,recheck,True,NFL,SAFE,WAIT,ARI ML + ARI -0.5,betriversny,250,0.5515,0.5515,0.266,93.14,183.26,2,parlay,2026-10-04T17:00Z,"[{""label"": ""ARI ML"", ""game"": ""ARI @ NYG"", ""kickoff"": ""2026-10-04T17:00Z"", ""market"": ""moneyline"", ""side"": ""away"", ""point"": null, ""player"": null, ""book"": ""betriversny"", ""price"": -121.0, ""price_source"": ""posted"", ""p_final"": 0.5519, ""p_fair"": 0.5519, ""p_model"": 0.4323, ""p_push"": 0.0047, ""novig_implied"": 0.5545, ""game_key"": ""NFL_20261004_ARI_NYG""}, {""label"": ""ARI -0.5"", ""game"": ""ARI @ NYG"", ""kickoff"": ""2026-10-04T17:00Z"", ""market"": ""spread"", ""side"": ""away"", ""point"": -0.5, ""player"": null, ""book"": ""betriversny"", ""price"": -109.0, ""price_source"": ""posted"", ""p_final"": 0.5495, ""p_fair"": 0.5495, ""p_model"": 0.4323, ""p_push"": 0.0, ""novig_implied"": 0.5495, ""game_key"": ""NFL_20261004_ARI_NYG""}]"
202a43c48fa35e21_recheck_2026-09-30,202a43c48fa35e21,2026-09-30T20:45:04+00:00,recheck,True,NFL,MODERATE,WAIT,HOU ML + HOU -1.5 + Over 44.5 (DAL @ HOU),fanduel,563,0.3661,0.3661,0.2153,142.8,183.26,3,parlay,2026-10-04T17:00Z,"[{""label"": ""HOU ML"", ""game"": ""DAL @ HOU"", ""kickoff"": ""2026-10-04T17:00Z"", ""market"": ""moneyline"", ""side"": ""home"", ""point"": null, ""player"": null, ""book"": ""fanduel"", ""price"": -122.0, ""price_source"": ""posted"", ""p_final"": 0.5609, ""p_fair"": 0.5609, ""p_model"": 0.5648, ""p_push"": 0.0047, ""novig_implied"": 0.5635, ""game_key"": ""NFL_20261004_DAL_HOU""}, {""label"": ""HOU -1.5"", ""game"": ""DAL @ HOU"", ""kickoff"": ""2026-10-04T17:00Z"", ""market"": ""spread"", ""side"": ""home"", ""point"": -1.5, ""player"": null, ""book"": ""fanduel"", ""price"": -110.0, ""price_source"": ""posted"", ""p_final"": 0.5419, ""p_fair"": 0.5419, ""p_model"": 0.5397, ""p_push"": 0.0, ""novig_implied"": 0.5419, ""game_key"": ""NFL_20261004_DAL_HOU""}, {""label"": ""Over 44.5 (DAL @ HOU)"", ""game"": ""DAL @ HOU"", ""kickoff"": ""2026-10-04T17:00Z"", ""market"": ""total"", ""side"": ""over"", ""point"": 44.5, ""player"": null, ""book"": ""fanduel"", ""price"": -110.0, ""price_source"": ""posted"", ""p_final"": 0.596, ""p_fair"": 0.596, ""p_model"": 0.637, ""p_push"": 0.0, ""novig_implied"": 0.596, ""game_key"": ""NFL_20261004_DAL_HOU""}]"
fee6d7de4b5e614e_recheck_2026-09-30,fee6d7de4b5e614e,2026-09-30T20:45:04+00:00,recheck,True,NFL,LONG SHOT,WAIT,NE ML + DAL ML + DAL +3,betmgm,1525,0.1162,0.1162,0.0547,88.84,133.48,3,parlay,2026-10-04T17:00Z,"[{""label"": ""NE ML"", ""game"": ""NE @ BUF"", ""kickoff"": ""2026-10-04T17:00Z"", ""market"": ""moneyline"", ""side"": ""away"", ""point"": null, ""player"": null, ""book"": ""betmgm"", ""price"": 270.0, ""price_source"": ""posted"", ""p_final"": 0.2724, ""p_fair"": 0.2724, ""p_model"": 0.3827, ""p_push"": 0.0039, ""novig_implied"": 0.2735, ""game_key"": ""NFL_20261004_NE_BUF""}, {""label"": ""DAL ML"", ""game"": ""DAL @ HOU"", ""kickoff"": ""2026-10-04T17:00Z"", ""market"": ""moneyline"", ""side"": ""away"", ""point"": null, ""player"": null, ""book"": ""betmgm"", ""price"": 130.0, ""price_source"": ""posted"", ""p_final"": 0.4345, ""p_fair"": 0.4345, ""p_model"": 0.4305, ""p_push"": 0.0047, ""novig_implied"": 0.4365, ""game_key"": ""NFL_20261004_DAL_HOU""}, {""label"": ""DAL +3"", ""game"": ""DAL @ HOU"", ""kickoff"": ""2026-10-04T17:00Z"", ""market"": ""spread"", ""side"": ""away"", ""point"": 3.0, ""player"": null, ""book"": ""betmgm"", ""price"": -110.0, ""price_source"": ""posted"", ""p_final"": 0.4892, ""p_fair"": 0.4892, ""p_model"": 0.4913, ""p_push"": 0.0787, ""novig_implied"": 0.531, ""game_key"": ""NFL_20261004_DAL_HOU""}]"
0759f71973e57c9d_recheck_2026-10-01,0759f71973e57c9d,2026-10-01T20:46:54+00:00,recheck,True,NFL,SAFE,OK,Under 52.5 (DAL @ HOU),fanduel,-110,0.6298,0.6298,0.106,20.23,200.0,1,total,2026-10-04T17:00Z,"[{""label"": ""Under 52.5 (DAL @ HOU)"", ""game"": ""DAL @ HOU"", ""kickoff"": ""2026-10-04T17:00Z"", ""market"": ""total"", ""side"": ""under"", ""point"": 52.5, ""player"": null, ""book"": ""fanduel"", ""price"": -110.0, ""price_source"": ""posted"", ""p_final"": 0.6298, ""p_fair"": 0.6298, ""p_model"": 0.5939, ""p_push"": 0.0, ""novig_implied"": 0.6298, ""game_key"": ""NFL_20261004_DAL_HOU""}]"
f46a372cdc962ac3_recheck_2026-10-01,f46a372cdc962ac3,2026-10-01T20:46:54+00:00,recheck,True,NFL,MODERATE,OK,HOU +1.5 + Under 52.5 (DAL @ HOU),fanduel,264,0.351,0.351,0.0766,27.93,200.0,2,parlay,2026-10-04T17:00Z,"[{""label"": ""HOU +1.5"", ""game"": ""DAL @ HOU"", ""kickoff"": ""2026-10-04T17:00Z"", ""market"": ""spread"", ""side"": ""home"", ""point"": 1.5, ""player"": null, ""book"": ""fanduel"", ""price"": -110.0, ""price_source"": ""posted"", ""p_final"": 0.6243, ""p_fair"": 0.6243, ""p_model"": 0.5953, ""p_push"": 0.0, ""novig_implied"": 0.6243, ""game_key"": ""NFL_20261004_DAL_HOU""}, {""label"": ""Under 52.5 (DAL @ HOU)"", ""game"": ""DAL @ HOU"", ""kickoff"": ""2026-10-04T17:00Z"", ""market"": ""total"", ""side"": ""under"", ""point"": 52.5, ""player"": null, ""book"": ""fanduel"", ""price"": -110.0, ""price_source"": ""posted"", ""p_final"": 0.6298, ""p_fair"": 0.6298, ""p_model"": 0.5939, ""p_push"": 0.0, ""novig_implied"": 0.6298, ""game_key"": ""NFL_20261004_DAL_HOU""}]"
21d130913806bdbc_recheck_2026-10-01,21d130913806bdbc,2026-10-01T20:46:54+00:00,recheck,True,NFL,LONG SHOT,WAIT,NE ML + HOU +1.5 + Under 52.5 (DAL @ HOU),fanduel,1267,0.0956,0.0956,0.0224,30.68,60.55,3,parlay,2026-10-04T17:00Z,"[{""label"": ""NE ML"", ""game"": ""NE @ BUF"", ""kickoff"": ""2026-10-04T17:00Z"", ""market"": ""moneyline"", ""side"": ""away"", ""point"": null, ""player"": null, ""book"": ""fanduel"", ""price"": 275.0, ""price_source"": ""posted"", ""p_final"": 0.2724, ""p_fair"": 0.2724, ""p_model"": 0.3817, ""p_push"": 0.0039, ""novig_implied"": 0.2735, ""game_key"": ""NFL_20261004_NE_BUF""}, {""label"": ""HOU +1.5"", ""game"": ""DAL @ HOU"", ""kickoff"": ""2026-10-04T17:00Z"", ""market"": ""spread"", ""side"": ""home"", ""point"": 1.5, ""player"": null, ""book"": ""fanduel"", ""price"": -110.0, ""price_source"": ""posted"", ""p_final"": 0.6243, ""p_fair"": 0.6243, ""p_model"": 0.5953, ""p_push"": 0.0, ""novig_implied"": 0.6243, ""game_key"": ""NFL_20261004_DAL_HOU""}, {""label"": ""Under 52.5 (DAL @ HOU)"", ""game"": ""DAL @ HOU"", ""kickoff"": ""2026-10-04T17:00Z"", ""market"": ""total"", ""side"": ""under"", ""point"": 52.5, ""player"": null, ""book"": ""fanduel"", ""price"": -110.0, ""price_source"": ""posted"", ""p_final"": 0.6298, ""p_fair"": 0.6298, ""p_model"": 0.5939, ""p_push"": 0.0, ""novig_implied"": 0.6298, ""game_key"": ""NFL_20261004_DAL_HOU""}]"
7d62820756b6e8e8_full_2026-10-02,7d62820756b6e8e8,2026-10-02T13:59:44+00:00,full,True,NFL,SAFE,OK,HOU +1.5 + HOU ML,fanduel,286,0.596,0.596,0.3367,129.84,200.0,2,parlay,2026-10-04T17:00Z,"[{""label"": ""HOU +1.5"", ""game"": ""DAL @ HOU"", ""kickoff"": ""2026-10-04T17:00Z"", ""market"": ""spread"", ""side"": ""home"", ""point"": 1.5, ""player"": null, ""book"": ""fanduel"", ""price"": -110.0, ""price_source"": ""posted"", ""p_final"": 0.6243, ""p_fair"": 0.6243, ""p_model"": 0.5953, ""p_push"": 0.0, ""novig_implied"": 0.6243, ""game_key"": ""NFL_20261004_DAL_HOU""}, {""label"": ""HOU ML"", ""game"": ""DAL @ HOU"", ""kickoff"": ""2026-10-04T17:00Z"", ""market"": ""moneyline"", ""side"": ""home"", ""point"": null, ""player"": null, ""book"": ""fanduel"", ""price"": 102.0, ""price_source"": ""posted"", ""p_final"": 0.5879, ""p_fair"": 0.5879, ""p_model"": 0.5648, ""p_push"": 0.0046, ""novig_implied"": 0.5906, ""game_key"": ""NFL_20261004_DAL_HOU""}]"
74360eef026729d7_full_2026-10-02,74360eef026729d7,2026-10-02T13:59:44+00:00,full,True,NFL,MODERATE,OK,HOU +1.5 + HOU ML + Under 51.5 (DAL @ HOU),fanduel,636,0.3164,0.3164,0.1806,132.94,200.0,3,parlay,2026-10-04T17:00Z,"[{""label"": ""HOU +1.5"", ""game"": ""DAL @ HOU"", ""kickoff"": ""2026-10-04T17:00Z"", ""market"": ""spread"", ""side"": ""home"", ""point"": 1.5, ""player"": null, ""book"": ""fanduel"", ""price"": -110.0, ""price_source"": ""posted"", ""p_final"": 0.6243, ""p_fair"": 0.6243, ""p_model"": 0.5953, ""p_push"": 0.0, ""novig_implied"": 0.6243, ""game_key"": ""NFL_20261004_DAL_HOU""}, {""label"": ""HOU ML"", ""game"": ""DAL @ HOU"", ""kickoff"": ""2026-10-04T17:00Z"", ""market"": ""moneyline"", ""side"": ""home"", ""point"": null, ""player"": null, ""book"": ""fanduel"", ""price"": 102.0, ""price_source"": ""posted"", ""p_final"": 0.5879, ""p_fair"": 0.5879, ""p_model"": 0.5648, ""p_push"": 0.0046, ""novig_implied"": 0.5906, ""game_key"": ""NFL_20261004_DAL_HOU""}, {""label"": ""Under 51.5 (DAL @ HOU)"", ""game"": ""DAL @ HOU"", ""kickoff"": ""2026-10-04T17:00Z"", ""market"": ""total"", ""side"": ""under"", ""point"": 51.5, ""player"": null, ""book"": ""fanduel"", ""price"": -110.0, ""price_source"": ""posted"", ""p_final"": 0.6065, ""p_fair"": 0.6065, ""p_model"": 0.5701, ""p_push"": 0.0, ""novig_implied"": 0.6065, ""game_key"": ""NFL_20261004_DAL_HOU""}]"
4eb9f52dd4c2e8f0_recheck_2026-10-02,4eb9f52dd4c2e8f0,2026-10-02T20:46:25+00:00,recheck,True,NFL,SAFE,OK,HOU ML + HOU +1.5,fanduel,286,0.5961,0.5961,0.3368,129.88,166.67,2,parlay,2026-10-04T17:00Z,"[{""label"": ""HOU ML"", ""game"": ""DAL @ HOU"", ""kickoff"": ""2026-10-04T17:00Z"", ""market"": ""moneyline"", ""side"": ""home"", ""point"": null, ""player"": null, ""book"": ""fanduel"", ""price"": 102.0, ""price_source"": ""posted"", ""p_final"": 0.5882, ""p_fair"": 0.5882, ""p_model"": 0.5648, ""p_push"": 0.0046, ""novig_implied"": 0.5909, ""game_key"": ""NFL_20261004_DAL_HOU""}, {""label"": ""HOU +1.5"", ""game"": ""DAL @ HOU"", ""kickoff"": ""2026-10-04T17:00Z"", ""market"": ""spread"", ""side"": ""home"", ""point"": 1.5, ""player"": null, ""book"": ""fanduel"", ""price"": -110.0, ""price_source"": ""posted"", ""p_final"": 0.6248, ""p_fair"": 0.6248, ""p_model"": 0.5953, ""p_push"": 0.0, ""novig_implied"": 0.6248, ""game_key"": ""NFL_20261004_DAL_HOU""}]"
7cf5f5dd291a1a36_recheck_2026-10-02,7cf5f5dd291a1a36,2026-10-02T20:46:25+00:00,recheck,True,NFL,MODERATE,WAIT,NYG ML + NYG +2.5 + NO ML + NO -2,bovada,1420,0.2178,0.2178,0.152,231.07,166.67,4,parlay,2026-10-04T17:00Z,"[{""label"": ""NYG ML"", ""game"": ""ARI @ NYG"", ""kickoff"": ""2026-10-04T17:00Z"", ""market"": ""moneyline"", ""side"": ""home"", ""point"": null, ""player"": null, ""book"": ""bovada"", ""price"": 125.0, ""price_source"": ""posted"", ""p_final"": 0.436, ""p_fair"": 0.436, ""p_model"": 0.563, ""p_push"": 0.0047, ""novig_implied"": 0.438, ""game_key"": ""NFL_20261004_ARI_NYG""}, {""label"": ""NYG +2.5"", ""game"": ""ARI @ NYG"", ""kickoff"": ""2026-10-04T17:00Z"", ""market"": ""spread"", ""side"": ""home"", ""point"": 2.5, ""player"": null, ""book"": ""bovada"", ""price"": 100.0, ""price_source"": ""posted"", ""p_final"": 0.4957, ""p_fair"": 0.4957, ""p_model"": 0.6165, ""p_push"": 0.0, ""novig_implied"": 0.4957, ""game_key"": ""NFL_20261004_ARI_NYG""}, {""label"": ""NO ML"", ""game"": ""ATL @ NO"", ""kickoff"": ""2026-10-06T00:15Z"", ""market"": ""moneyline"", ""side"": ""home"", ""point"": null, ""player"": null, ""book"": ""bovada"", ""price"": -130.0, ""price_source"": ""posted"", ""p_final"": 0.5564, ""p_fair"": 0.5564, ""p_model"": 0.5503, ""p_push"": 0.0047, ""novig_implied"": 0.559, ""game_key"": ""NFL_20261005_ATL_NO""}, {""label"": ""NO -2"", ""game"": ""ATL @ NO"", ""kickoff"": ""2026-10-06T00:15Z"", ""market"": ""spread"", ""side"": ""home"", ""point"": -2.0, ""player"": null, ""book"": ""bovada"", ""price"": -110.0, ""price_source"": ""posted"", ""p_final"": 0.5, ""p_fair"": 0.5, ""p_model"": 0.494, ""p_push"": 0.0311, ""novig_implied"": 0.516, ""game_key"": ""NFL_20261005_ATL_NO""}]"
bcc4f2445fd8da47_recheck_2026-10-02,bcc4f2445fd8da47,2026-10-02T20:46:25+00:00,recheck,True,NFL,LONG SHOT,WAIT,TEN ML + TEN +11.5 + HOU ML + HOU +1.5,fanduel,4846,0.1093,0.1093,0.0891,440.76,166.67,4,parlay,2026-10-04T17:00Z,"[{""label"": ""TEN ML"", ""game"": ""TEN @ BAL"", ""kickoff"": ""2026-10-04T17:00Z"", ""market"": ""moneyline"", ""side"": ""away"", ""point"": null, ""player"": null, ""book"": ""fanduel"", ""price"": 560.0, ""price_source"": ""posted"", ""p_final"": 0.1592, ""p_fair"": 0.1592, ""p_model"": 0.1852, ""p_push"": 0.0028, ""novig_implied"": 0.1596, ""game_key"": ""NFL_20261004_TEN_BAL""}, {""label"": ""TEN +11.5"", ""game"": ""TEN @ BAL"", ""kickoff"": ""2026-10-04T17:00Z"", ""market"": ""spread"", ""side"": ""away"", ""point"": 11.5, ""player"": null, ""book"": ""fanduel"", ""price"": -106.0, ""price_source"": ""posted"", ""p_final"": 0.5043, ""p_fair"": 0.5043, ""p_model"": 0.5043, ""p_push"": 0.0, ""novig_implied"": 0.5043, ""game_key"": ""NFL_20261004_TEN_BAL""}, {""label"": ""HOU ML"", ""game"": ""DAL @ HOU"", ""kickoff"": ""2026-10-04T17:00Z"", ""market"": ""moneyline"", ""side"": ""home"", ""point"": null, ""player"": null, ""book"": ""fanduel"", ""price"": 102.0, ""price_source"": ""posted"", ""p_final"": 0.5882, ""p_fair"": 0.5882, ""p_model"": 0.5648, ""p_push"": 0.0046, ""novig_implied"": 0.5909, ""game_key"": ""NFL_20261004_DAL_HOU""}, {""label"": ""HOU +1.5"", ""game"": ""DAL @ HOU"", ""kickoff"": ""2026-10-04T17:00Z"", ""market"": ""spread"", ""side"": ""home"", ""point"": 1.5, ""player"": null, ""book"": ""fanduel"", ""price"": -110.0, ""price_source"": ""posted"", ""p_final"": 0.6248, ""p_fair"": 0.6248, ""p_model"": 0.5953, ""p_push"": 0.0, ""novig_implied"": 0.6248, ""game_key"": ""NFL_20261004_DAL_HOU""}]"
56b3fa7459dc200e_recheck_2026-10-06,56b3fa7459dc200e,2026-10-06T21:10:19+00:00,recheck,True,NFL,MODERATE,WAIT,PHI ML + PHI +7.5,betriversnj,657,0.256,0.256,0.1239,93.83,200.0,2,parlay,2026-10-11T13:30Z,"[{""label"": ""PHI ML"", ""game"": ""PHI @ JAX"", ""kickoff"": ""2026-10-11T13:30Z"", ""market"": ""moneyline"", ""side"": ""away"", ""point"": null, ""player"": null, ""book"": ""betriversnj"", ""price"": 300.0, ""price_source"": ""posted"", ""p_final"": 0.2588, ""p_fair"": 0.2588, ""p_model"": 0.2618, ""p_push"": 0.0038, ""novig_implied"": 0.2598, ""game_key"": ""NFL_20261011_PHI_JAX""}, {""label"": ""PHI +7.5"", ""game"": ""PHI @ JAX"", ""kickoff"": ""2026-10-11T13:30Z"", ""market"": ""spread"", ""side"": ""away"", ""point"": 7.5, ""player"": null, ""book"": ""betriversnj"", ""price"": -112.0, ""price_source"": ""posted"", ""p_final"": 0.5201, ""p_fair"": 0.5201, ""p_model"": 0.5205, ""p_push"": 0.0, ""novig_implied"": 0.5201, ""game_key"": ""NFL_20261011_PHI_JAX""}]"
19c89b4d64ed4ed7_recheck_2026-10-06,19c89b4d64ed4ed7,2026-10-06T21:10:19+00:00,recheck,True,NFL,LONG SHOT,WAIT,PHI ML + PHI +7.5 + PIT ML,betriversnj,1240,0.1434,0.1434,0.0687,92.07,185.69,3,parlay,2026-10-11T13:30Z,"[{""label"": ""PHI ML"", ""game"": ""PHI @ JAX"", ""kickoff"": ""2026-10-11T13:30Z"", ""market"": ""moneyline"", ""side"": ""away"", ""point"": null, ""player"": null, ""book"": ""betriversnj"", ""price"": 300.0, ""price_source"": ""posted"", ""p_final"": 0.2588, ""p_fair"": 0.2588, ""p_model"": 0.2618, ""p_push"": 0.0038, ""novig_implied"": 0.2598, ""game_key"": ""NFL_20261011_PHI_JAX""}, {""label"": ""PHI +7.5"", ""game"": ""PHI @ JAX"", ""kickoff"": ""2026-10-11T13:30Z"", ""market"": ""spread"", ""side"": ""away"", ""point"": 7.5, ""player"": null, ""book"": ""betriversnj"", ""price"": -112.0, ""price_source"": ""posted"", ""p_final"": 0.5201, ""p_fair"": 0.5201, ""p_model"": 0.5205, ""p_push"": 0.0, ""novig_implied"": 0.5201, ""game_key"": ""NFL_20261011_PHI_JAX""}, {""label"": ""PIT ML"", ""game"": ""IND @ PIT"", ""kickoff"": ""2026-10-11T17:00Z"", ""market"": ""moneyline"", ""side"": ""home"", ""point"": null, ""player"": null, ""book"": ""betriversnj"", ""price"": -130.0, ""price_source"": ""posted"", ""p_final"": 0.5601, ""p_fair"": 0.5601, ""p_model"": 0.5337, ""p_push"": 0.0047, ""novig_implied"": 0.5627, ""game_key"": ""NFL_20261011_IND_PIT""}]"
8ea017bb982587da_recheck_2026-10-06,8ea017bb982587da,2026-10-06T21:10:19+00:00,recheck,True,NBA,MODERATE,WAIT,DEN -1 + Over 228.5 (DEN @ UTA),caesars,273,0.2917,0.2917,0.0234,8.72,79.98,2,parlay,2026-10-07T01:00Z,"[{""label"": ""DEN -1"", ""game"": ""DEN @ UTA"", ""kickoff"": ""2026-10-07T01:00Z"", ""market"": ""spread"", ""side"": ""away"", ""point"": -1.0, ""player"": null, ""book"": ""caesars"", ""price"": -105.0, ""price_source"": ""posted"", ""p_final"": 0.4945, ""p_fair"": 0.4945, ""p_model"": 0.7096, ""p_push"": 0.0246, ""novig_implied"": 0.5069, ""game_key"": ""NBA_20261006_DEN_UTA""}, {""label"": ""Over 228.5 (DEN @ UTA)"", ""game"": ""DEN @ UTA"", ""kickoff"": ""2026-10-07T01:00Z"", ""market"": ""total"", ""side"": ""over"", ""point"": 228.5, ""player"": null, ""book"": ""caesars"", ""price"": -110.0, ""price_source"": ""posted"", ""p_final"": 0.5469, ""p_fair"": 0.5469, ""p_model"": 0.6709, ""p_push"": 0.0, ""novig_implied"": 0.5469, ""game_key"": ""NBA_20261006_DEN_UTA""}]"
45380f5337803134_recheck_2026-10-07,45380f5337803134,2026-10-07T21:30:36+00:00,recheck,True,NFL,MODERATE,OK,SF ML + SF +3,bet365,374,0.4062,0.4062,0.1954,92.71,200.0,2,parlay,2026-10-11T20:25Z,"[{""label"": ""SF ML"", ""game"": ""SF @ SEA"", ""kickoff"": ""2026-10-11T20:25Z"", ""market"": ""moneyline"", ""side"": ""away"", ""point"": null, ""player"": null, ""book"": ""bet365"", ""price"": 143.0, ""price_source"": ""posted"", ""p_final"": 0.4048, ""p_fair"": 0.4048, ""p_model"": 0.4159, ""p_push"": 0.0046, ""novig_implied"": 0.4066, ""game_key"": ""NFL_20261011_SF_SEA""}, {""label"": ""SF +3"", ""game"": ""SF @ SEA"", ""kickoff"": ""2026-10-11T20:25Z"", ""market"": ""spread"", ""side"": ""away"", ""point"": 3.0, ""player"": null, ""book"": ""bet365"", ""price"": -105.0, ""price_source"": ""posted"", ""p_final"": 0.4636, ""p_fair"": 0.4636, ""p_model"": 0.476, ""p_push"": 0.0787, ""novig_implied"": 0.5032, ""game_key"": ""NFL_20261011_SF_SEA""}]"
4287f6b73f231186_recheck_2026-10-07,4287f6b73f231186,2026-10-07T21:30:36+00:00,recheck,True,NFL,LONG SHOT,WAIT,HOU ML + HOU -7 + MIA ML + MIA +7.5,betriversny,1710,0.1297,0.1297,0.0745,134.82,197.1,4,parlay,2026-10-11T17:00Z,"[{""label"": ""HOU ML"", ""game"": ""HOU @ TEN"", ""kickoff"": ""2026-10-11T17:00Z"", ""market"": ""moneyline"", ""side"": ""away"", ""point"": null, ""player"": null, ""book"": ""betriversny"", ""price"": -305.0, ""price_source"": ""posted"", ""p_final"": 0.7495, ""p_fair"": 0.7495, ""p_model"": 0.6592, ""p_push"": 0.0038, ""novig_implied"": 0.7524, ""game_key"": ""NFL_20261011_HOU_TEN""}, {""label"": ""HOU -7"", ""game"": ""HOU @ TEN"", ""kickoff"": ""2026-10-11T17:00Z"", ""market"": ""spread"", ""side"": ""away"", ""point"": -7.0, ""player"": null, ""book"": ""betriversny"", ""price"": -115.0, ""price_source"": ""posted"", ""p_final"": 0.4951, ""p_fair"": 0.4951, ""p_model"": 0.3683, ""p_push"": 0.0547, ""novig_implied"": 0.5238, ""game_key"": ""NFL_20261011_HOU_TEN""}, {""label"": ""MIA ML"", ""game"": ""CIN @ MIA"", ""kickoff"": ""2026-10-11T17:00Z"", ""market"": ""moneyline"", ""side"": ""home"", ""point"": null, ""player"": null, ""book"": ""betriversny"", ""price"": 290.0, ""price_source"": ""posted"", ""p_final"": 0.2601, ""p_fair"": 0.2601, ""p_model"": 0.3435, ""p_push"": 0.0039, ""novig_implied"": 0.2611, ""game_key"": ""NFL_20261011_CIN_MIA""}, {""label"": ""MIA +7.5"", ""game"": ""CIN @ MIA"", ""kickoff"": ""2026-10-11T17:00Z"", ""market"": ""spread"", ""side"": ""home"", ""point"": 7.5, ""player"": null, ""book"": ""betriversny"", ""price"": -115.0, ""price_source"": ""posted"", ""p_final"": 0.5393, ""p_fair"": 0.5393, ""p_model"": 0.6392, ""p_push"": 0.0, ""novig_implied"": 0.5393, ""game_key"": ""NFL_20261011_CIN_MIA""}]"
0f3a9fd1a46bce73_recheck_2026-10-08,0f3a9fd1a46bce73,2026-10-08T21:27:48+00:00,recheck,True,NBA,SAFE,OK,PHI ML + PHI -5.5,bet365,184,0.6073,0.6073,0.2552,72.49,174.12,2,parlay,2026-10-08T23:30Z,"[{""label"": ""PHI ML"", ""game"": ""PHI @ BKN"", ""kickoff"": ""2026-10-08T23:30Z"", ""market"": ""moneyline"", ""side"": ""away"", ""point"": null, ""player"": null, ""book"": ""bet365"", ""price"": -205.0, ""price_source"": ""posted"", ""p_final"": 0.7083, ""p_fair"": 0.7083, ""p_model"": 0.5892, ""p_push"": 0.0074, ""novig_implied"": 0.7136, ""game_key"": ""NBA_20261008_PHI_BKN""}, {""label"": ""PHI -5.5"", ""game"": ""PHI @ BKN"", ""kickoff"": ""2026-10-08T23:30Z"", ""market"": ""spread"", ""side"": ""away"", ""point"": -5.5, ""player"": null, ""book"": ""bet365"", ""price"": -110.0, ""price_source"": ""posted"", ""p_final"": 0.6047, ""p_fair"": 0.6047, ""p_model"": 0.4452, ""p_push"": 0.0, ""novig_implied"": 0.6047, ""game_key"": ""NBA_20261008_PHI_BKN""}]"
8713d4c2e654cfc3_recheck_2026-10-08,8713d4c2e654cfc3,2026-10-08T21:27:48+00:00,recheck,True,NBA,MODERATE,OK,ATL ML + ATL +7.5,betriversnj,1064,0.2653,0.2653,0.1794,208.74,174.12,2,parlay,2026-10-09T00:00Z,"[{""label"": ""ATL ML"", ""game"": ""ATL @ SAS"", ""kickoff"": ""2026-10-09T00:00Z"", ""market"": ""moneyline"", ""side"": ""away"", ""point"": null, ""player"": null, ""book"": ""betriversnj"", ""price"": 375.0, ""price_source"": ""posted"", ""p_final"": 0.2933, ""p_fair"": 0.2933, ""p_model"": 0.256, ""p_push"": 0.0075, ""novig_implied"": 0.2956, ""game_key"": ""NBA_20261008_ATL_SAS""}, {""label"": ""ATL +7.5"", ""game"": ""ATL @ SAS"", ""kickoff"": ""2026-10-09T00:00Z"", ""market"": ""spread"", ""side"": ""away"", ""point"": 7.5, ""player"": null, ""book"": ""betriversnj"", ""price"": 145.0, ""price_source"": ""posted"", ""p_final"": 0.4691, ""p_fair"": 0.4691, ""p_model"": 0.4628, ""p_push"": 0.0, ""novig_implied"": 0.4691, ""game_key"": ""NBA_20261008_ATL_SAS""}]"
c2cb9ca3cd38231b_recheck_2026-10-08,c2cb9ca3cd38231b,2026-10-08T21:27:48+00:00,recheck,True,NBA,LONG SHOT,OK,NOP ML + NOP +7.5 + ATL ML + ATL +7.5,betriversnj,10048,0.0789,0.0789,0.069,700.67,151.77,4,parlay,2026-10-08T23:30Z,"[{""label"": ""NOP ML"", ""game"": ""NOP @ MIA"", ""kickoff"": ""2026-10-08T23:30Z"", ""market"": ""moneyline"", ""side"": ""away"", ""point"": null, ""player"": null, ""book"": ""betriversnj"", ""price"": 300.0, ""price_source"": ""posted"", ""p_final"": 0.2843, ""p_fair"": 0.2843, ""p_model"": 0.3449, ""p_push"": 0.0074, ""novig_implied"": 0.2864, ""game_key"": ""NBA_20261008_NOP_MIA""}, {""label"": ""NOP +7.5"", ""game"": ""NOP @ MIA"", ""kickoff"": ""2026-10-08T23:30Z"", ""market"": ""spread"", ""side"": ""away"", ""point"": 7.5, ""player"": null, ""book"": ""betriversnj"", ""price"": 118.0, ""price_source"": ""posted"", ""p_final"": 0.5, ""p_fair"": 0.5, ""p_model"": 0.5627, ""p_push"": 0.0, ""novig_implied"": 0.5, ""game_key"": ""NBA_20261008_NOP_MIA""}, {""label"": ""ATL ML"", ""game"": ""ATL @ SAS"", ""kickoff"": ""2026-10-09T00:00Z"", ""market"": ""moneyline"", ""side"": ""away"", ""point"": null, ""player"": null, ""book"": ""betriversnj"", ""price"": 375.0, ""price_source"": ""posted"", ""p_final"": 0.2933, ""p_fair"": 0.2933, ""p_model"": 0.256, ""p_push"": 0.0075, ""novig_implied"": 0.2956, ""game_key"": ""NBA_20261008_ATL_SAS""}, {""label"": ""ATL +7.5"", ""game"": ""ATL @ SAS"", ""kickoff"": ""2026-10-09T00:00Z"", ""market"": ""spread"", ""side"": ""away"", ""point"": 7.5, ""player"": null, ""book"": ""betriversnj"", ""price"": 145.0, ""price_source"": ""posted"", ""p_final"": 0.4691, ""p_fair"": 0.4691, ""p_model"": 0.4628, ""p_push"": 0.0, ""novig_implied"": 0.4691, ""game_key"": ""NBA_20261008_ATL_SAS""}]"
