player,team,market,line,p_over_sim,sim_median,game_key,book,price,created_at,league
Robert Tonyan,PIT,anytime_td,,0.002,0.0,NFL_20261001_PIT_CLE,draftkings,not published (assumed -110),2026-09-30T20:45:04+00:00,NFL
Travis Homer,PIT,anytime_td,,0.004,0.0,NFL_20261001_PIT_CLE,draftkings,not published (assumed -110),2026-09-30T20:45:04+00:00,NFL
Jaleel McLaughlin,CLE,anytime_td,,0.004,0.0,NFL_20261001_PIT_CLE,draftkings,not published (assumed -110),2026-09-30T20:45:04+00:00,NFL
Germie Bernard,PIT,anytime_td,,0.01,0.0,NFL_20261001_PIT_CLE,draftkings,not published (assumed -110),2026-09-30T20:45:04+00:00,NFL
Isaiah Bond,CLE,anytime_td,,0.011,0.0,NFL_20261001_PIT_CLE,draftkings,not published (assumed -110),2026-09-30T20:45:04+00:00,NFL
Malachi Corley,CLE,anytime_td,,0.015,0.0,NFL_20261001_PIT_CLE,draftkings,not published (assumed -110),2026-09-30T20:45:04+00:00,NFL
Darnell Washington,PIT,anytime_td,,0.018,0.0,NFL_20261001_PIT_CLE,draftkings,not published (assumed -110),2026-09-30T20:45:04+00:00,NFL
KC Concepcion,CLE,anytime_td,,0.041,0.0,NFL_20261001_PIT_CLE,draftkings,not published (assumed -110),2026-09-30T20:45:04+00:00,NFL
Deshaun Watson,CLE,anytime_td,,0.046,0.0,NFL_20261001_PIT_CLE,draftkings,not published (assumed -110),2026-09-30T20:45:04+00:00,NFL
Raheim Sanders,CLE,anytime_td,,0.049,0.0,NFL_20261001_PIT_CLE,draftkings,not published (assumed -110),2026-09-30T20:45:04+00:00,NFL
Quinshon Judkins,CLE,rush_att,16.5,0.056,10.0,NFL_20261001_PIT_CLE,draftkings,not published (assumed -110),2026-09-30T20:45:04+00:00,NFL
Aaron Rodgers,PIT,rush_yds,1.5,0.92,19.0,NFL_20261001_PIT_CLE,draftkings,not published (assumed -110),2026-09-30T20:45:04+00:00,NFL
Aaron Rodgers,PIT,anytime_td,,0.108,0.0,NFL_20261001_PIT_CLE,draftkings,not published (assumed -110),2026-09-30T20:45:04+00:00,NFL
Ben Skowronek,PIT,anytime_td,,0.108,0.0,NFL_20261001_PIT_CLE,draftkings,not published (assumed -110),2026-09-30T20:45:04+00:00,NFL
Blake Whiteheart,CLE,anytime_td,,0.117,0.0,NFL_20261001_PIT_CLE,draftkings,not published (assumed -110),2026-09-30T20:45:04+00:00,NFL
Quinshon Judkins,CLE,rush_yds,56.5,0.121,30.0,NFL_20261001_PIT_CLE,draftkings,not published (assumed -110),2026-09-30T20:45:04+00:00,NFL
Quinshon Judkins,CLE,anytime_td,,0.122,0.0,NFL_20261001_PIT_CLE,draftkings,not published (assumed -110),2026-09-30T20:45:04+00:00,NFL
Roman Wilson,PIT,anytime_td,,0.124,0.0,NFL_20261001_PIT_CLE,draftkings,not published (assumed -110),2026-09-30T20:45:04+00:00,NFL
Pat Freiermuth,PIT,anytime_td,,0.133,0.0,NFL_20261001_PIT_CLE,draftkings,not published (assumed -110),2026-09-30T20:45:04+00:00,NFL
Jerry Jeudy,CLE,anytime_td,,0.136,0.0,NFL_20261001_PIT_CLE,draftkings,not published (assumed -110),2026-09-30T20:45:04+00:00,NFL
Quinshon Judkins,CLE,rush_rec_yds,72.5,0.164,46.0,NFL_20261001_PIT_CLE,draftkings,not published (assumed -110),2026-09-30T20:45:04+00:00,NFL
DK Metcalf,PIT,anytime_td,,0.224,0.0,NFL_20261001_PIT_CLE,draftkings,not published (assumed -110),2026-09-30T20:45:04+00:00,NFL
Denzel Boston,CLE,anytime_td,,0.23,0.0,NFL_20261001_PIT_CLE,draftkings,not published (assumed -110),2026-09-30T20:45:04+00:00,NFL
Aaron Rodgers,PIT,pass_rush_yds,217.5,0.762,270.0,NFL_20261001_PIT_CLE,draftkings,not published (assumed -110),2026-09-30T20:45:04+00:00,NFL
KC Concepcion,CLE,receptions,3.5,0.255,2.0,NFL_20261001_PIT_CLE,draftkings,not published (assumed -110),2026-09-30T20:45:04+00:00,NFL
Robert Tonyan,PIT,anytime_td,,0.003,0.0,NFL_20261001_PIT_CLE,draftkings,not published (assumed -110),2026-10-01T14:00:37+00:00,NFL
Jaleel McLaughlin,CLE,anytime_td,,0.004,0.0,NFL_20261001_PIT_CLE,draftkings,not published (assumed -110),2026-10-01T14:00:37+00:00,NFL
Travis Homer,PIT,anytime_td,,0.006,0.0,NFL_20261001_PIT_CLE,draftkings,not published (assumed -110),2026-10-01T14:00:37+00:00,NFL
Germie Bernard,PIT,anytime_td,,0.01,0.0,NFL_20261001_PIT_CLE,draftkings,not published (assumed -110),2026-10-01T14:00:37+00:00,NFL
Isaiah Bond,CLE,anytime_td,,0.011,0.0,NFL_20261001_PIT_CLE,draftkings,not published (assumed -110),2026-10-01T14:00:37+00:00,NFL
Darnell Washington,PIT,anytime_td,,0.014,0.0,NFL_20261001_PIT_CLE,draftkings,not published (assumed -110),2026-10-01T14:00:37+00:00,NFL
Malachi Corley,CLE,anytime_td,,0.014,0.0,NFL_20261001_PIT_CLE,draftkings,not published (assumed -110),2026-10-01T14:00:37+00:00,NFL
KC Concepcion,CLE,anytime_td,,0.038,0.0,NFL_20261001_PIT_CLE,draftkings,not published (assumed -110),2026-10-01T14:00:37+00:00,NFL
Deshaun Watson,CLE,anytime_td,,0.048,0.0,NFL_20261001_PIT_CLE,draftkings,not published (assumed -110),2026-10-01T14:00:37+00:00,NFL
Raheim Sanders,CLE,anytime_td,,0.048,0.0,NFL_20261001_PIT_CLE,draftkings,not published (assumed -110),2026-10-01T14:00:37+00:00,NFL
Quinshon Judkins,CLE,rush_att,16.5,0.059,10.0,NFL_20261001_PIT_CLE,draftkings,not published (assumed -110),2026-10-01T14:00:37+00:00,NFL
Aaron Rodgers,PIT,rush_yds,1.5,0.925,19.0,NFL_20261001_PIT_CLE,draftkings,not published (assumed -110),2026-10-01T14:00:37+00:00,NFL
Aaron Rodgers,PIT,anytime_td,,0.107,0.0,NFL_20261001_PIT_CLE,draftkings,not published (assumed -110),2026-10-01T14:00:37+00:00,NFL
Ben Skowronek,PIT,anytime_td,,0.108,0.0,NFL_20261001_PIT_CLE,draftkings,not published (assumed -110),2026-10-01T14:00:37+00:00,NFL
Blake Whiteheart,CLE,anytime_td,,0.114,0.0,NFL_20261001_PIT_CLE,draftkings,not published (assumed -110),2026-10-01T14:00:37+00:00,NFL
Quinshon Judkins,CLE,anytime_td,,0.122,0.0,NFL_20261001_PIT_CLE,draftkings,not published (assumed -110),2026-10-01T14:00:37+00:00,NFL
Roman Wilson,PIT,anytime_td,,0.125,0.0,NFL_20261001_PIT_CLE,draftkings,not published (assumed -110),2026-10-01T14:00:37+00:00,NFL
Quinshon Judkins,CLE,rush_yds,55.5,0.136,30.0,NFL_20261001_PIT_CLE,draftkings,not published (assumed -110),2026-10-01T14:00:37+00:00,NFL
Pat Freiermuth,PIT,anytime_td,,0.136,0.0,NFL_20261001_PIT_CLE,draftkings,not published (assumed -110),2026-10-01T14:00:37+00:00,NFL
Jerry Jeudy,CLE,anytime_td,,0.137,0.0,NFL_20261001_PIT_CLE,draftkings,not published (assumed -110),2026-10-01T14:00:37+00:00,NFL
Quinshon Judkins,CLE,rush_rec_yds,73.5,0.16,46.0,NFL_20261001_PIT_CLE,draftkings,not published (assumed -110),2026-10-01T14:00:37+00:00,NFL
Denzel Boston,CLE,anytime_td,,0.222,0.0,NFL_20261001_PIT_CLE,draftkings,not published (assumed -110),2026-10-01T14:00:37+00:00,NFL
DK Metcalf,PIT,anytime_td,,0.228,0.0,NFL_20261001_PIT_CLE,draftkings,not published (assumed -110),2026-10-01T14:00:37+00:00,NFL
Travis Homer,PIT,rush_yds,7.5,0.242,0.0,NFL_20261001_PIT_CLE,draftkings,not published (assumed -110),2026-10-01T14:00:37+00:00,NFL
Aaron Rodgers,PIT,pass_rush_yds,220.5,0.753,269.0,NFL_20261001_PIT_CLE,draftkings,not published (assumed -110),2026-10-01T14:00:37+00:00,NFL
Robert Tonyan,PIT,anytime_td,,0.002,0.0,NFL_20261001_PIT_CLE,draftkings,not published (assumed -110),2026-10-01T20:46:54+00:00,NFL
Jaleel McLaughlin,CLE,anytime_td,,0.004,0.0,NFL_20261001_PIT_CLE,draftkings,not published (assumed -110),2026-10-01T20:46:54+00:00,NFL
Travis Homer,PIT,anytime_td,,0.006,0.0,NFL_20261001_PIT_CLE,draftkings,not published (assumed -110),2026-10-01T20:46:54+00:00,NFL
Germie Bernard,PIT,anytime_td,,0.009,0.0,NFL_20261001_PIT_CLE,draftkings,not published (assumed -110),2026-10-01T20:46:54+00:00,NFL
Isaiah Bond,CLE,anytime_td,,0.01,0.0,NFL_20261001_PIT_CLE,draftkings,not published (assumed -110),2026-10-01T20:46:54+00:00,NFL
Malachi Corley,CLE,anytime_td,,0.014,0.0,NFL_20261001_PIT_CLE,draftkings,not published (assumed -110),2026-10-01T20:46:54+00:00,NFL
Darnell Washington,PIT,anytime_td,,0.017,0.0,NFL_20261001_PIT_CLE,draftkings,not published (assumed -110),2026-10-01T20:46:54+00:00,NFL
KC Concepcion,CLE,anytime_td,,0.039,0.0,NFL_20261001_PIT_CLE,draftkings,not published (assumed -110),2026-10-01T20:46:54+00:00,NFL
Deshaun Watson,CLE,anytime_td,,0.043,0.0,NFL_20261001_PIT_CLE,draftkings,not published (assumed -110),2026-10-01T20:46:54+00:00,NFL
Raheim Sanders,CLE,anytime_td,,0.047,0.0,NFL_20261001_PIT_CLE,draftkings,not published (assumed -110),2026-10-01T20:46:54+00:00,NFL
Quinshon Judkins,CLE,rush_att,16.5,0.054,10.0,NFL_20261001_PIT_CLE,draftkings,not published (assumed -110),2026-10-01T20:46:54+00:00,NFL
Aaron Rodgers,PIT,rush_yds,1.5,0.927,19.0,NFL_20261001_PIT_CLE,draftkings,not published (assumed -110),2026-10-01T20:46:54+00:00,NFL
Ben Skowronek,PIT,anytime_td,,0.104,0.0,NFL_20261001_PIT_CLE,draftkings,not published (assumed -110),2026-10-01T20:46:54+00:00,NFL
Aaron Rodgers,PIT,anytime_td,,0.109,0.0,NFL_20261001_PIT_CLE,draftkings,not published (assumed -110),2026-10-01T20:46:54+00:00,NFL
Blake Whiteheart,CLE,anytime_td,,0.121,0.0,NFL_20261001_PIT_CLE,draftkings,not published (assumed -110),2026-10-01T20:46:54+00:00,NFL
Roman Wilson,PIT,anytime_td,,0.124,0.0,NFL_20261001_PIT_CLE,draftkings,not published (assumed -110),2026-10-01T20:46:54+00:00,NFL
Quinshon Judkins,CLE,anytime_td,,0.125,0.0,NFL_20261001_PIT_CLE,draftkings,not published (assumed -110),2026-10-01T20:46:54+00:00,NFL
Jerry Jeudy,CLE,anytime_td,,0.13,0.0,NFL_20261001_PIT_CLE,draftkings,not published (assumed -110),2026-10-01T20:46:54+00:00,NFL
Quinshon Judkins,CLE,rush_yds,55.5,0.135,31.0,NFL_20261001_PIT_CLE,draftkings,not published (assumed -110),2026-10-01T20:46:54+00:00,NFL
Pat Freiermuth,PIT,anytime_td,,0.135,0.0,NFL_20261001_PIT_CLE,draftkings,not published (assumed -110),2026-10-01T20:46:54+00:00,NFL
Quinshon Judkins,CLE,rush_rec_yds,71.5,0.175,46.0,NFL_20261001_PIT_CLE,draftkings,not published (assumed -110),2026-10-01T20:46:54+00:00,NFL
DK Metcalf,PIT,anytime_td,,0.219,0.0,NFL_20261001_PIT_CLE,draftkings,not published (assumed -110),2026-10-01T20:46:54+00:00,NFL
Denzel Boston,CLE,anytime_td,,0.229,0.0,NFL_20261001_PIT_CLE,draftkings,not published (assumed -110),2026-10-01T20:46:54+00:00,NFL
Aaron Rodgers,PIT,pass_rush_yds,221.5,0.748,269.0,NFL_20261001_PIT_CLE,draftkings,not published (assumed -110),2026-10-01T20:46:54+00:00,NFL
KC Concepcion,CLE,rec_yds,35.5,0.253,21.0,NFL_20261001_PIT_CLE,draftkings,not published (assumed -110),2026-10-01T20:46:54+00:00,NFL
Barion Brown,NO,anytime_td,,0.001,0.0,NFL_20261005_ATL_NO,draftkings,not published (assumed -110),2026-10-05T21:25:35+00:00,NFL
Oscar Delp,NO,anytime_td,,0.002,0.0,NFL_20261005_ATL_NO,draftkings,not published (assumed -110),2026-10-05T21:25:35+00:00,NFL
Charlie Woerner,ATL,anytime_td,,0.003,0.0,NFL_20261005_ATL_NO,draftkings,not published (assumed -110),2026-10-05T21:25:35+00:00,NFL
Michael Penix Jr.,ATL,anytime_td,,0.004,0.0,NFL_20261005_ATL_NO,draftkings,not published (assumed -110),2026-10-05T21:25:35+00:00,NFL
Chris Blair,ATL,anytime_td,,0.004,0.0,NFL_20261005_ATL_NO,draftkings,not published (assumed -110),2026-10-05T21:25:35+00:00,NFL
CJ Donaldson,NO,anytime_td,,0.006,0.0,NFL_20261005_ATL_NO,draftkings,not published (assumed -110),2026-10-05T21:25:35+00:00,NFL
Zachariah Branch,ATL,anytime_td,,0.007,0.0,NFL_20261005_ATL_NO,draftkings,not published (assumed -110),2026-10-05T21:25:35+00:00,NFL
Bryce Lance,NO,anytime_td,,0.007,0.0,NFL_20261005_ATL_NO,draftkings,not published (assumed -110),2026-10-05T21:25:35+00:00,NFL
Olamide Zaccheaus,ATL,anytime_td,,0.012,0.0,NFL_20261005_ATL_NO,draftkings,not published (assumed -110),2026-10-05T21:25:35+00:00,NFL
Alvin Kamara,NO,rush_att,11.5,0.015,5.0,NFL_20261005_ATL_NO,draftkings,not published (assumed -110),2026-10-05T21:25:35+00:00,NFL
Jahan Dotson,ATL,anytime_td,,0.022,0.0,NFL_20261005_ATL_NO,draftkings,not published (assumed -110),2026-10-05T21:25:35+00:00,NFL
Alvin Kamara,NO,anytime_td,,0.036,0.0,NFL_20261005_ATL_NO,draftkings,not published (assumed -110),2026-10-05T21:25:35+00:00,NFL
Kendre Miller,NO,rush_att,7.5,0.04,3.0,NFL_20261005_ATL_NO,draftkings,not published (assumed -110),2026-10-05T21:25:35+00:00,NFL
Alvin Kamara,NO,rush_rec_yds,55.5,0.08,26.0,NFL_20261005_ATL_NO,draftkings,not published (assumed -110),2026-10-05T21:25:35+00:00,NFL
Tyler Shough,NO,rush_yds,16.5,0.911,44.0,NFL_20261005_ATL_NO,draftkings,not published (assumed -110),2026-10-05T21:25:35+00:00,NFL
Tyler Shough,NO,rush_att,4.5,0.909,8.0,NFL_20261005_ATL_NO,draftkings,not published (assumed -110),2026-10-05T21:25:35+00:00,NFL
Kevin Austin Jr.,NO,anytime_td,,0.107,0.0,NFL_20261005_ATL_NO,draftkings,not published (assumed -110),2026-10-05T21:25:35+00:00,NFL
Kendre Miller,NO,anytime_td,,0.116,0.0,NFL_20261005_ATL_NO,draftkings,not published (assumed -110),2026-10-05T21:25:35+00:00,NFL
Devaughn Vele,NO,anytime_td,,0.125,0.0,NFL_20261005_ATL_NO,draftkings,not published (assumed -110),2026-10-05T21:25:35+00:00,NFL
Drake London,ATL,receptions,6.5,0.131,4.0,NFL_20261005_ATL_NO,draftkings,not published (assumed -110),2026-10-05T21:25:35+00:00,NFL
Austin Hooper,ATL,anytime_td,,0.135,0.0,NFL_20261005_ATL_NO,draftkings,not published (assumed -110),2026-10-05T21:25:35+00:00,NFL
Alvin Kamara,NO,receptions,2.5,0.159,1.0,NFL_20261005_ATL_NO,draftkings,not published (assumed -110),2026-10-05T21:25:35+00:00,NFL
Kendre Miller,NO,rush_yds,27.5,0.162,13.0,NFL_20261005_ATL_NO,draftkings,not published (assumed -110),2026-10-05T21:25:35+00:00,NFL
Alvin Kamara,NO,rush_yds,35.5,0.165,18.0,NFL_20261005_ATL_NO,draftkings,not published (assumed -110),2026-10-05T21:25:35+00:00,NFL
Alvin Kamara,NO,rec_yds,15.5,0.171,5.0,NFL_20261005_ATL_NO,draftkings,not published (assumed -110),2026-10-05T21:25:35+00:00,NFL
